{"packages":[],"notify-batch":"https:\/\/packagist.org\/downloads\/","providers-url":"\/p\/%package%$%hash%.json","metadata-url":"\/p2\/%package%.json","metadata-changes-url":"https:\/\/packagist.org\/metadata\/changes.json","search":"https:\/\/packagist.org\/search.json?q=%query%&type=%type%","list":"https:\/\/packagist.org\/packages\/list.json","security-advisories":{"metadata":true,"api-url":"https:\/\/packagist.org\/api\/security-advisories\/"},"providers-api":"https:\/\/packagist.org\/providers\/%package%.json","warning":"Support for Composer 1 is deprecated and some packages will not be available. You should upgrade to Composer 2. See https:\/\/blog.packagist.com\/deprecating-composer-1-support\/","warning-versions":"<1.99","provider-includes":{"p\/provider-2013$%hash%.json":{"sha256":"81e92af64cd1524abd5775497099b29d0d4ccc5a8898bb034ab0f54250b2cc13"},"p\/provider-2014$%hash%.json":{"sha256":"ef5ba45c85810c63dd0ca59830fc2573984f9bd1fb0b4405ec69d3be8dfc63f5"},"p\/provider-2015$%hash%.json":{"sha256":"e9bc7751746100fa6d18f97c05148d94e2ec26d29091e631968560157d1a803a"},"p\/provider-2016$%hash%.json":{"sha256":"ed7a172dcd18747e495570bbc0ae31f36845ccbaabdeebd71f52048f2e5fe8bd"},"p\/provider-2017$%hash%.json":{"sha256":"5142500d0c20c67b891168b85c44a328ab1809cce0e558b802a5ee5c3a7c5323"},"p\/provider-2018$%hash%.json":{"sha256":"8e7ff7d685ec2122bfa381ba4a3422c127eefdc59d920b3a3a0d40ebe617e7de"},"p\/provider-2019$%hash%.json":{"sha256":"3e8af5fd973b63ba6988687b5ec9cf86ca251a3ca0713dd926a5a0817ec92162"},"p\/provider-2020$%hash%.json":{"sha256":"502c21d59c089c2a2006d8d1b2d337c6426d0a5715fed7da905ad05c73dcbbc7"},"p\/provider-2021$%hash%.json":{"sha256":"f7ea601a840e47604f60a33814e43855786c1bd0df17e7675ab5c670397eefb5"},"p\/provider-2022$%hash%.json":{"sha256":"6649f6b315695d2048d6d907adb11ba4c65ad6ca144a72c56e02b36a992c7d9e"},"p\/provider-2023$%hash%.json":{"sha256":"b3a894a6b708768623d073c6bd413deff28a5ba32d943dfb3ed51e00ab3bcd7d"},"p\/provider-2023-04$%hash%.json":{"sha256":"959657450c2ac93e529fd188e95dfb34ae7b75bc43f634ea43ae60dd597106de"},"p\/provider-2023-07$%hash%.json":{"sha256":"9fcc02dcb90431c8843f0d7dba365245a0611001149ac238d812a8fc880db76a"},"p\/provider-2023-10$%hash%.json":{"sha256":"d72364be2bda0d78112d2351e52d8b34ec4fc2962d8a20775f57af4b69af64d1"},"p\/provider-2024-01$%hash%.json":{"sha256":"3c523949d0508cc10cce7e16e172124ca94713681ff9bbc2fe3f165f482e2bf2"},"p\/provider-archived$%hash%.json":{"sha256":"f2de75068e57b616d64caa66e6a1510bf6f883ace9eb46ed0d5d47044fb44eef"},"p\/provider-latest$%hash%.json":{"sha256":"2e2a56506c966d88a76d4f47c38c0c92eca53930651c80fea33e563b3f7ba883"}},"last-modified":"Sat, 09 Mar 2024 06:02:24 GMT"}